Date,ETZ.PA,EXSA.DE,MEUD.PA
2023-01-02,12.854000091552734,38.3884162902832,
2023-01-03,12.916000366210938,38.586517333984375,
2023-01-04,13.107999801635742,39.19886016845703,
2023-01-05,13.083999633789062,39.0863037109375,
2023-01-06,13.246000289916992,39.581573486328125,
2023-01-09,13.342000007629395,39.838226318359375,
2023-01-10,13.276000022888184,39.6356086730957,
2023-01-11,13.331999778747559,39.820213317871094,
2023-01-12,13.404000282287598,40.03633499145508,
2023-01-13,13.482000350952148,40.274959564208984,
2023-01-16,13.543999671936035,40.45506286621094,
2023-01-17,13.60200023651123,40.608150482177734,
2023-01-18,13.605999946594238,40.68019104003906,
2023-01-19,13.411999702453613,40.067848205566406,
2023-01-20,13.46399974822998,40.207420349121094,
2023-01-23,13.538000106811523,40.42805099487305,
2023-01-24,13.508000373840332,40.365020751953125,
2023-01-25,13.473999977111816,40.270469665527344,
2023-01-26,13.52400016784668,40.40103530883789,
2023-01-27,13.54800033569336,40.549617767333984,
2023-01-30,13.529999732971191,40.450557708740234,
2023-01-31,13.5,40.35601043701172,
2023-02-01,13.48799991607666,40.2974739074707,
2023-02-02,13.67199993133545,40.88280487060547,
2023-02-03,13.711999893188477,41.035884857177734,
2023-02-06,13.618000030517578,40.69369125366211,
2023-02-07,13.649999618530273,40.783748626708984,
2023-02-08,13.682000160217285,40.89631271362305,
2023-02-09,13.772000312805176,41.14394760131836,
2023-02-10,13.633999824523926,40.76123046875,
2023-02-13,13.767999649047852,41.13944625854492,
2023-02-14,13.770000457763672,41.14844512939453,
2023-02-15,13.845999717712402,41.337554931640625,
2023-02-16,13.868000030517578,41.396080017089844,
2023-02-17,13.84000015258789,41.315040588378906,
2023-02-20,13.857999801635742,41.38258361816406,
2023-02-21,13.821999549865723,41.270023345947266,
2023-02-22,13.779999732971191,41.170963287353516,
2023-02-23,13.793999671936035,41.175472259521484,
2023-02-24,13.633999824523926,40.707210540771484,
2023-02-27,13.79800033569336,41.243003845214844,
2023-02-28,13.746000289916992,41.06740188598633,
2023-03-01,13.644000053405762,40.81977462768555,
2023-03-02,13.729999542236328,41.0313835144043,
2023-03-03,13.855999946594238,41.41859436035156,
2023-03-06,13.854000091552734,41.369075775146484,
2023-03-07,13.739999771118164,41.04488754272461,
2023-03-08,13.751999855041504,41.08991622924805,
2023-03-09,13.734000205993652,40.99987030029297,
2023-03-10,13.552000045776367,40.46857452392578,
2023-03-13,13.204000473022461,39.41498947143555,
2023-03-14,13.423999786376953,40.067848205566406,
2023-03-15,13.026000022888184,38.861907958984375,
2023-03-16,13.187999725341797,39.40385437011719,
2023-03-17,13.050000190734863,38.95676040649414,
2023-03-20,13.175999641418457,39.28643035888672,
2023-03-21,13.359999656677246,39.78322219848633,
2023-03-22,13.37600040435791,39.882564544677734,
2023-03-23,13.354000091552734,39.8103141784668,
2023-03-24,13.187999725341797,39.336116790771484,
2023-03-27,13.305999755859375,39.72450256347656,
2023-03-28,13.315999984741211,39.710968017578125,
2023-03-29,13.491999626159668,40.23033142089844,
2023-03-30,13.63599967956543,40.663883209228516,
2023-03-31,13.727999687194824,40.907752990722656,
2023-04-03,13.715999603271484,40.898719787597656,
2023-04-04,13.70199966430664,40.83098220825195,
2023-04-05,13.6899995803833,40.89420700073242,
2023-04-06,13.772000312805176,41.12904739379883,
2023-04-11,13.847999572753906,41.3187255859375,
2023-04-12,13.862000465393066,41.413570404052734,
2023-04-13,13.9399995803833,41.61228561401367,
2023-04-14,14.022000312805176,41.85163879394531,
2023-04-17,14.008000373840332,41.80647659301758,
2023-04-18,14.065999984741211,42.02325439453125,
2023-04-19,14.052000045776367,41.96906280517578,
2023-04-20,14.03600025177002,41.89229202270508,
2023-04-21,14.088000297546387,42.06389617919922,
2023-04-24,14.097999572753906,42.10002899169922,
2023-04-25,14.050000190734863,41.97808837890625,
2023-04-26,13.932000160217285,41.643898010253906,
2023-04-27,13.968000411987305,41.698089599609375,
2023-04-28,14.0600004196167,42.00066375732422,
2023-05-02,13.890000343322754,41.49937438964844,
2023-05-03,13.9399995803833,41.707122802734375,
2023-05-04,13.87399959564209,41.50389099121094,
2023-05-05,14.043999671936035,41.97358703613281,
2023-05-08,14.097999572753906,42.15873718261719,
2023-05-09,14.039999961853027,41.996158599853516,
2023-05-10,13.991999626159668,41.82002258300781,
2023-05-11,14.013999938964844,41.86518859863281,
2023-05-12,14.07800006866455,42.077449798583984,
2023-05-15,14.107999801635742,42.185848236083984,
2023-05-16,14.053999900817871,41.996158599853516,
2023-05-17,14.02400016784668,41.941959381103516,
2023-05-18,14.133999824523926,42.14519500732422,
2023-05-19,14.210000038146973,42.42519760131836,
2023-05-22,14.208000183105469,42.438751220703125,
2023-05-23,14.12399959564209,42.19939041137695,
2023-05-24,13.862000465393066,41.43614959716797,
2023-05-25,13.824000358581543,41.26905059814453,
2023-05-26,13.973999977111816,41.78388977050781,
2023-05-29,13.97599983215332,41.716156005859375,
2023-05-30,13.850000381469727,41.332271575927734,
2023-05-31,13.699999809265137,40.88516616821289,
2023-06-01,13.76200008392334,41.2509880065918,
2023-06-02,14.022000312805176,41.84260940551758,
2023-06-05,13.965999603271484,41.652931213378906,
2023-06-06,14.017999649047852,41.83809280395508,
2023-06-07,13.986000061035156,41.761322021484375,
2023-06-08,13.989999771118164,41.765830993652344,
2023-06-09,13.970000267028809,41.689056396484375,
2023-06-12,13.991999626159668,41.72970199584961,
2023-06-13,14.07800006866455,42.00519943237305,
2023-06-14,14.130000114440918,42.16325759887695,
2023-06-15,14.093999862670898,42.09970474243164,
2023-06-16,14.166000366210938,42.323516845703125,
2023-06-19,14.027999877929688,41.89873123168945,
2023-06-20,13.95199966430664,41.629241943359375,
2023-06-21,13.894000053405762,41.428260803222656,
2023-06-22,13.82800006866455,41.2501335144043,
2023-06-23,13.760000228881836,41.07199478149414,
2023-06-26,13.75,41.062862396240234,
2023-06-27,13.753999710083008,41.0948371887207,
2023-06-28,13.862000465393066,41.38258743286133,
2023-06-29,13.878000259399414,41.432830810546875,
2023-06-30,14.039999961853027,41.91699981689453,
2023-07-03,14.010000228881836,41.83478927612305,
2023-07-04,14.017999649047852,41.875892639160156,
2023-07-05,13.923999786376953,41.55159378051758,
2023-07-06,13.592000007629395,40.56498336791992,
2023-07-07,13.612000465393066,40.65177536010742,
2023-07-10,13.640000343322754,40.752254486083984,
2023-07-11,13.736000061035156,41.02174758911133,
2023-07-12,13.9399995803833,41.656646728515625,
2023-07-13,14.026000022888184,41.92156982421875,
2023-07-14,14.013999938964844,41.88045883178711,
2023-07-17,13.934000015258789,41.60639572143555,
2023-07-18,14.017999649047852,41.88958740234375,
2023-07-19,14.045999526977539,41.96724319458008,
2023-07-20,14.11400032043457,42.17734909057617,
2023-07-21,14.154000282287598,42.286983489990234,
2023-07-24,14.166000366210938,42.32809066772461,
2023-07-25,14.239999771118164,42.551902770996094,
2023-07-26,14.149999618530273,42.286983489990234,
2023-07-27,14.354000091552734,42.84423065185547,
2023-07-28,14.321999549865723,42.79398727416992,
2023-07-31,14.342000007629395,42.821388244628906,
2023-08-01,14.192000389099121,42.3874626159668,
2023-08-02,14.02400016784668,41.90330123901367,
2023-08-03,13.944000244140625,41.652076721191406,
2023-08-04,13.984000205993652,41.77083969116211,
2023-08-07,13.996000289916992,41.82107925415039,
2023-08-08,13.968000411987305,41.697750091552734,
2023-08-09,14.015999794006348,41.894168853759766,
2023-08-10,14.154000282287598,42.24586868286133,
2023-08-11,13.98799991607666,41.76169967651367,
2023-08-14,14.01200008392334,41.83478927612305,
2023-08-15,13.871999740600586,41.432830810546875,
2023-08-16,13.871999740600586,41.4236946105957,
2023-08-17,13.755999565124512,41.044586181640625,
2023-08-18,13.670000076293945,40.82077407836914,
2023-08-21,13.6899995803833,40.866451263427734,
2023-08-22,13.777999877929688,41.1176643371582,
2023-08-23,13.831999778747559,41.27753829956055,
2023-08-24,13.770000457763672,41.1176643371582,
2023-08-25,13.763999938964844,41.13593673706055,
2023-08-28,13.932000160217285,41.588134765625,
2023-08-29,14.031999588012695,41.88502502441406,
2023-08-30,14.010000228881836,41.80281448364258,
2023-08-31,13.970000267028809,41.716026306152344,
2023-09-01,13.977999687194824,41.72515869140625,
2023-09-04,13.968000411987305,41.68861770629883,
2023-09-05,13.935999870300293,41.60639572143555,
2023-09-06,13.862000465393066,41.36888122558594,
2023-09-07,13.859999656677246,41.359745025634766,
2023-09-08,13.878000259399414,41.44654083251953,
2023-09-11,13.920000076293945,41.5789909362793,
2023-09-12,13.895999908447266,41.46480178833008,
2023-09-13,13.850000381469727,41.359745025634766,
2023-09-14,14.0600004196167,41.96724319458008,
2023-09-15,14.100000381469727,42.0822639465332,
2023-09-18,13.942000389099121,41.625701904296875,
2023-09-19,13.930000305175781,41.59341812133789,
2023-09-20,14.064000129699707,42.00847625732422,
2023-09-21,13.87399959564209,41.432010650634766,
2023-09-22,13.826000213623047,41.28904342651367,
2023-09-25,13.748000144958496,41.035396575927734,
2023-09-26,13.654000282287598,40.749473571777344,
2023-09-27,13.640000343322754,40.694129943847656,
2023-09-28,13.694000244140625,40.86937713623047,
2023-09-29,13.748000144958496,41.00773620605469,
2023-10-02,13.604000091552734,40.601898193359375,
2023-10-03,13.454000473022461,40.12688446044922,
2023-10-04,13.4399995803833,40.07615661621094,
2023-10-05,13.479999542236328,40.214500427246094,
2023-10-06,13.595999717712402,40.578834533691406,
2023-10-09,13.557999610900879,40.445091247558594,
2023-10-10,13.824000358581543,41.25676727294922,
2023-10-11,13.836000442504883,41.275203704833984,
2023-10-12,13.85200023651123,41.33515548706055,
2023-10-13,13.715999603271484,40.910884857177734,
2023-10-16,13.75,41.053836822509766,
2023-10-17,13.734000205993652,41.00773620605469,
2023-10-18,13.583999633789062,40.54193878173828,
2023-10-19,13.430000305175781,40.07615661621094,
2023-10-20,13.244000434875488,39.53196716308594,
2023-10-23,13.22599983215332,39.50429916381836,
2023-10-24,13.288000106811523,39.64264678955078,
2023-10-25,13.293999671936035,39.64726638793945,
2023-10-26,13.232000350952148,39.48584747314453,
2023-10-27,13.121999740600586,39.149192810058594,
2023-10-30,13.180000305175781,39.324432373046875,
2023-10-31,13.253999710083008,39.56886291503906,
2023-11-01,13.338000297546387,39.85478973388672,
2023-11-02,13.552000045776367,40.5142707824707,
2023-11-03,13.583999633789062,40.564998626708984,
2023-11-06,13.555999755859375,40.44970703125,
2023-11-07,13.53600025177002,40.39897155761719,
2023-11-08,13.567999839782715,40.5142707824707,
2023-11-09,13.699999809265137,40.878597259521484,
2023-11-10,13.552000045776367,40.45893096923828,
2023-11-13,13.668000221252441,40.767913818359375,
2023-11-14,13.84000015258789,41.30288314819336,
2023-11-15,13.894000053405762,41.45967483520508,
2023-11-16,13.800000190734863,41.20603561401367,
2023-11-17,13.956000328063965,41.630313873291016,
2023-11-20,13.96399974822998,41.72716522216797,
2023-11-21,13.946000099182129,41.68565368652344,
2023-11-22,13.986000061035156,41.814788818359375,
2023-11-23,14.034000396728516,41.95314407348633,
2023-11-24,14.081999778747559,42.086875915527344,
2023-11-27,14.027999877929688,41.943912506103516,
2023-11-28,13.982000350952148,41.805564880371094,
2023-11-29,14.052000045776367,41.98542785644531,
2023-11-30,14.116000175476074,42.179115295410156,
2023-12-01,14.272000312805176,42.644901275634766,
2023-12-04,14.25,42.644901275634766,
2023-12-05,14.307999610900879,42.644901275634766,
2023-12-06,14.39799976348877,42.644901275634766,
2023-12-07,14.345999717712402,42.90315628051758,
2023-12-08,14.465999603271484,43.23981475830078,
2023-12-11,14.498000144958496,43.332061767578125,
2023-12-12,14.465999603271484,43.2536506652832,
2023-12-13,14.472000122070312,43.216758728027344,
2023-12-14,14.595999717712402,43.59031295776367,
2023-12-15,14.604000091552734,43.63163757324219,
2023-12-18,14.552000045776367,43.465023040771484,
2023-12-19,14.618000030517578,43.63163757324219,
2023-12-20,14.654000282287598,43.74272537231445,
2023-12-21,14.609999656677246,43.636268615722656,
2023-12-22,14.628000259399414,43.710323333740234,
2023-12-27,14.670000076293945,43.79362869262695,
2023-12-28,14.630000114440918,43.710323333740234,
2023-12-29,14.645999908447266,43.807518005371094,
2024-01-02,14.661999702453613,43.77973937988281,
2024-01-03,14.520000457763672,43.3724479675293,
2024-01-04,14.62399959564209,43.70106506347656,
2024-01-05,14.59000015258789,43.57609939575195,
2024-01-08,14.64799976348877,43.72883605957031,
2024-01-09,14.621999740600586,43.63163757324219,
2024-01-10,14.595999717712402,43.55758285522461,
2024-01-11,14.470000267028809,43.18268585205078,
2024-01-12,14.609999656677246,43.58998107910156,
2024-01-15,14.529999732971191,43.367820739746094,
2024-01-16,14.48799991607666,43.25674057006836,
2024-01-17,14.338000297546387,42.79390335083008,
2024-01-18,14.42199993133545,43.034584045410156,
2024-01-19,14.380000114440918,42.91423797607422,
2024-01-22,14.496000289916992,43.284515380859375,
2024-01-23,14.456000328063965,43.1595458984375,
2024-01-24,14.62600040435791,43.69644546508789,
2024-01-25,14.668000221252441,43.802894592285156,
2024-01-26,14.836000442504883,44.284236907958984,
2024-01-29,14.854000091552734,44.3629150390625,
2024-01-30,14.894000053405762,44.46011734008789,
2024-01-31,14.890000343322754,44.45549392700195,
2024-02-01,14.843999862670898,44.2610969543457,
2024-02-02,14.843999862670898,44.27961349487305,
2024-02-05,14.829999923706055,44.270355224609375,
2024-02-06,14.932000160217285,44.56193923950195,
2024-02-07,14.887999534606934,44.42308807373047,
2024-02-08,14.883999824523926,44.39995193481445,
2024-02-09,14.86400032043457,44.3629150390625,
2024-02-12,14.956000328063965,44.63136672973633,
2024-02-13,14.814000129699707,44.196292877197266,
2024-02-14,14.890000343322754,44.42308807373047,
2024-02-15,14.982000350952148,44.719303131103516,
2024-02-16,15.092000007629395,45.024784088134766,
2024-02-19,15.112000465393066,45.08495330810547,223.82000732421875
2024-02-20,15.093999862670898,45.01089096069336,223.42999267578125
2024-02-21,15.065999984741211,44.93684387207031,223.13999938964844
2024-02-22,15.197999954223633,45.3533935546875,225.25
2024-02-23,15.258000373840332,45.501502990722656,226.19000244140625
2024-02-26,15.21399974822998,45.33488082885742,225.25
2024-02-27,15.22599983215332,45.432071685791016,225.66000366210938
2024-02-28,15.187999725341797,45.270084381103516,225.00999450683594
2024-02-29,15.182000160217285,45.26546096801758,224.8300018310547
2024-03-01,15.284000396728516,45.56629180908203,226.42999267578125
2024-03-04,15.27400016784668,45.55704116821289,226.4199981689453
2024-03-05,15.239999771118164,45.464473724365234,225.69000244140625
2024-03-06,15.291999816894531,45.65423583984375,226.50999450683594
2024-03-07,15.473999977111816,46.17724609375,229.4199981689453
2024-03-08,15.468000411987305,46.144840240478516,229.2100067138672
2024-03-11,15.423999786376953,46.010623931884766,228.3300018310547
2024-03-12,15.571999549865723,46.450313568115234,230.61000061035156
2024-03-13,15.605999946594238,46.561397552490234,231.02999877929688
2024-03-14,15.586000442504883,46.468833923339844,231.00999450683594
2024-03-15,15.527999877929688,46.30686569213867,230.16000366210938
2024-03-18,15.515999794006348,46.269737243652344,229.69000244140625
2024-03-19,15.555999755859375,46.38111114501953,230.38999938964844
2024-03-20,15.553999900817871,46.37647247314453,230.25999450683594
2024-03-21,15.70199966430664,46.849788665771484,232.3800048828125
2024-03-22,15.692000389099121,46.85907745361328,232.7100067138672
2024-03-25,15.708000183105469,46.89619827270508,232.80999755859375
2024-03-26,15.748000144958496,46.95187759399414,233.52999877929688
2024-03-27,15.763999938964844,47.03541564941406,233.8000030517578
2024-03-28,15.8100004196167,47.17462921142578,234.30999755859375
2024-04-02,15.682000160217285,46.756988525390625,232.47000122070312
2024-04-03,15.715999603271484,46.90548324584961,233.19000244140625
2024-04-04,15.73799991607666,46.97972869873047,233.44000244140625
2024-04-05,15.605999946594238,46.56208419799805,231.3699951171875
2024-04-08,15.697999954223633,46.83122634887695,232.58999633789062
2024-04-09,15.597999572753906,46.52496337890625,231.27999877929688
2024-04-10,15.62600040435791,46.58993148803711,231.55999755859375
2024-04-11,15.564000129699707,46.432151794433594,230.74000549316406
2024-04-12,15.581999778747559,46.54352569580078,231.27999877929688
2024-04-15,15.609999656677246,46.57136535644531,231.39999389648438
2024-04-16,15.366000175476074,45.870662689208984,228.0
2024-04-17,15.38599967956543,45.875301361083984,228.0399932861328
2024-04-18,15.435999870300293,46.0377197265625,228.5500030517578
2024-04-19,15.413999557495117,45.986671447753906,228.1699981689453
2024-04-22,15.538000106811523,46.362548828125,230.0800018310547
2024-04-23,15.699999809265137,46.90548324584961,232.77000427246094
2024-04-24,15.645999908447266,46.7105827331543,231.82000732421875
2024-04-25,15.545999526977539,46.38111114501953,230.30999755859375
2024-04-26,15.734000205993652,46.942604064941406,232.83999633789062
2024-04-29,15.73799991607666,46.98900604248047,233.2899932861328
2024-04-30,15.619999885559082,46.747703552246094,231.91000366210938
2024-05-02,15.604000091552734,46.62705612182617,231.02000427246094
2024-05-03,15.684000015258789,46.849788665771484,232.6300048828125
2024-05-06,15.791999816894531,47.18390655517578,234.2100067138672
2024-05-07,15.958000183105469,47.666507720947266,236.49000549316406
2024-05-08,16.007999420166016,47.84284591674805,237.14999389648438
2024-05-09,16.076000213623047,48.02846145629883,238.1699981689453
2024-05-10,16.197999954223633,48.38114547729492,240.02000427246094
2024-05-13,16.194000244140625,48.39970397949219,240.07000732421875
2024-05-14,16.224000930786133,48.49250793457031,240.52999877929688
2024-05-15,16.32200050354004,48.79877471923828,241.92999267578125
2024-05-16,16.299999237060547,48.73381042480469,241.75999450683594
2024-05-17,16.284000396728516,48.687400817871094,241.5399932861328
2024-05-20,16.341999053955078,48.87302780151367,242.47000122070312
2024-05-21,16.302000045776367,48.75236511230469,241.77999877929688
2024-05-22,16.25,48.603878021240234,241.07000732421875
2024-05-23,16.261999130249023,48.622440338134766,241.3000030517578
2024-05-24,16.236000061035156,48.52962875366211,240.9499969482422
2024-05-27,16.302000045776367,48.74308776855469,241.80999755859375
2024-05-28,16.191999435424805,48.39970397949219,240.2100067138672
2024-05-29,16.01799964904785,47.898529052734375,237.5
2024-05-30,16.11199951171875,48.186241149902344,239.16000366210938
2024-05-31,16.173999786376953,48.344017028808594,240.08999633789062
2024-06-03,16.22599983215332,48.538909912109375,240.8000030517578
2024-06-04,16.143999099731445,48.28832244873047,239.52999877929688
2024-06-05,16.29800033569336,48.78948974609375,242.02000427246094
2024-06-06,16.393999099731445,49.06791305541992,243.4199981689453
2024-06-07,16.354000091552734,48.947269439697266,242.77999877929688
2024-06-10,16.290000915527344,48.78021240234375,242.05999755859375
2024-06-11,16.158000946044922,48.3347282409668,239.8300018310547
2024-06-12,16.32200050354004,48.770931243896484,242.22999572753906
2024-06-13,16.118000030517578,48.17695617675781,239.32000732421875
2024-06-14,15.949999809265137,47.6850700378418,236.8699951171875
2024-06-17,15.972000122070312,47.75385665893555,237.11000061035156
2024-06-18,16.07200050354004,48.082542419433594,238.72000122070312
2024-06-19,16.055999755859375,48.02619934082031,238.35000610351562
2024-06-20,16.209999084472656,48.430023193359375,240.72000122070312
2024-06-21,16.083999633789062,48.054378509521484,238.69000244140625
2024-06-24,16.20400047302246,48.45819854736328,240.7100067138672
2024-06-25,16.167999267578125,48.31733322143555,240.08999633789062
2024-06-26,16.077999114990234,48.044986724853516,238.75999450683594
2024-06-27,16.010000228881836,47.85716247558594,237.89999389648438
2024-06-28,15.972000122070312,47.772640228271484,237.25
2024-07-01,16.038000106811523,47.90411376953125,238.22000122070312
2024-07-02,15.989999771118164,47.70690155029297,237.1300048828125
2024-07-03,16.077999114990234,48.044986724853516,238.77000427246094
2024-07-04,16.176000595092773,48.354896545410156,240.32000732421875
2024-07-05,16.1560001373291,48.27976989746094,240.00999450683594
2024-07-08,16.143999099731445,48.260986328125,239.6699981689453
2024-07-09,15.991999626159668,47.80082321166992,237.66000366210938
2024-07-10,16.152000427246094,48.27976989746094,239.5500030517578
2024-07-11,16.242000579833984,48.52393341064453,241.10000610351562
2024-07-12,16.3799991607666,48.98409652709961,243.25999450683594
2024-07-15,16.214000701904297,48.45819854736328,240.85000610351562
2024-07-16,16.172000885009766,48.336116790771484,240.32000732421875
2024-07-17,16.101999282836914,48.1295051574707,239.2100067138672
2024-07-18,16.062000274658203,47.98863983154297,238.6999969482422
2024-07-19,15.946000099182129,47.64116668701172,236.8300018310547
2024-07-22,16.097999572753906,48.10133361816406,239.10000610351562
2024-07-23,16.1299991607666,48.185855865478516,239.52000427246094
2024-07-24,16.025999069213867,47.87594985961914,238.0399932861328
2024-07-25,15.906000137329102,47.55664825439453,236.22999572753906
2024-07-26,16.04199981689453,47.941688537597656,238.38999938964844
2024-07-29,16.00200080871582,47.81020736694336,237.69000244140625
2024-07-30,16.082000732421875,48.01681900024414,238.6199951171875
2024-07-31,16.20400047302246,48.41123580932617,240.58999633789062
2024-08-01,15.972000122070312,47.6975212097168,237.1300048828125
2024-08-02,15.567999839782715,46.55179977416992,231.3800048828125
2024-08-05,15.229999542236328,45.52347183227539,226.42999267578125
2024-08-06,15.265999794006348,45.65494918823242,226.83999633789062
2024-08-07,15.510000228881836,46.354583740234375,230.5399932861328
2024-08-08,15.52400016784668,46.42501449584961,230.66000366210938
2024-08-09,15.62399959564209,46.71144485473633,232.17999267578125
2024-08-12,15.619999885559082,46.68327713012695,231.99000549316406
2024-08-13,15.704000473022461,46.946231842041016,233.2899932861328
2024-08-14,15.788000106811523,47.18100357055664,234.38999938964844
2024-08-15,16.0,47.819602966308594,237.32000732421875
2024-08-16,16.02199935913086,47.90411376953125,237.97999572753906
2024-08-19,16.1299991607666,48.21403121948242,239.3699951171875
2024-08-20,16.049999237060547,47.96986389160156,238.35000610351562
2024-08-21,16.106000900268555,48.1295051574707,239.16000366210938
2024-08-22,16.158000946044922,48.29854965209961,240.0800018310547
2024-08-23,16.243999481201172,48.55210494995117,241.08999633789062
2024-08-26,16.23200035095215,48.54271697998047,240.9199981689453
2024-08-27,16.253999710083008,48.58967208862305,241.44000244140625
2024-08-28,16.31800079345703,48.76810836791992,242.25999450683594
2024-08-29,16.441999435424805,49.181312561035156,244.25
2024-08-30,16.45400047302246,49.20008850097656,244.2100067138672
2024-09-02,16.45199966430664,49.20008850097656,244.35000610351562
2024-09-03,16.284000396728516,48.74932098388672,241.8300018310547
2024-09-04,16.1299991607666,48.2515869140625,239.55999755859375
2024-09-05,16.04599952697754,47.98863983154297,238.33999633789062
2024-09-06,15.883999824523926,47.47212600708008,235.9600067138672
2024-09-09,16.016000747680664,47.88533401489258,237.88999938964844
2024-09-10,15.913999557495117,47.594215393066406,236.44000244140625
2024-09-11,15.918000221252441,47.575435638427734,236.5399932861328
2024-09-12,16.054000854492188,47.98863983154297,238.61000061035156
2024-09-13,16.16200065612793,48.336116790771484,240.36000061035156
2024-09-16,16.145999908447266,48.26177215576172,239.83999633789062
2024-09-17,16.20199966430664,48.44185256958008,240.5500030517578
2024-09-18,16.118000030517578,48.20491027832031,239.36000061035156
2024-09-19,16.350000381469727,48.877838134765625,243.1300048828125
2024-09-20,16.115999221801758,48.13856506347656,239.3000030517578
2024-09-23,16.18400001525879,48.384986877441406,240.42999267578125
2024-09-24,16.29199981689453,48.66931915283203,242.0500030517578
2024-09-25,16.27400016784668,48.65037155151367,241.6300048828125
2024-09-26,16.47599983215332,49.24747848510742,244.6999969482422
2024-09-27,16.56599998474121,49.50338363647461,246.02999877929688
2024-09-30,16.393999099731445,49.010528564453125,243.66000366210938
2024-10-01,16.31599998474121,48.792537689208984,242.58999633789062
2024-10-02,16.34000015258789,48.83992385864258,242.8300018310547
2024-10-03,16.18400001525879,48.384986877441406,240.72999572753906
2024-10-04,16.257999420166016,48.58401870727539,241.67999267578125
2024-10-07,16.29199981689453,48.707237243652344,242.22999572753906
2024-10-08,16.195999145507812,48.432373046875,240.80999755859375
2024-10-09,16.309999465942383,48.745147705078125,242.3000030517578
2024-10-10,16.281999588012695,48.66931915283203,241.77000427246094
2024-10-11,16.368000030517578,48.92523193359375,243.1199951171875
2024-10-14,16.459999084472656,49.209571838378906,244.22999572753906
2024-10-15,16.326000213623047,48.82096862792969,242.39999389648438
2024-10-16,16.299999237060547,48.726192474365234,241.9199981689453
2024-10-17,16.437999725341797,49.124271392822266,243.94000244140625
2024-10-18,16.464000701904297,49.21904754638672,244.5
2024-10-21,16.357999801635742,48.877838134765625,242.63999938964844
2024-10-22,16.323999404907227,48.77357864379883,242.38999938964844
2024-10-23,16.266000747680664,48.631412506103516,241.4199981689453
2024-10-24,16.277999877929688,48.631412506103516,241.69000244140625
2024-10-25,16.280000686645508,48.659847259521484,241.5800018310547
2024-10-28,16.347999572753906,48.85887908935547,242.67999267578125
2024-10-29,16.246000289916992,48.53663635253906,241.0500030517578
2024-10-30,16.04800033569336,47.94899368286133,238.1300048828125
2024-10-31,15.866000175476074,47.42770767211914,235.5
2024-11-01,16.04199981689453,47.9300422668457,238.1300048828125
2024-11-04,15.968000411987305,47.74048614501953,237.02999877929688
2024-11-05,15.98799991607666,47.75944137573242,237.2899932861328
2024-11-06,15.911999702453613,47.541446685791016,236.1999969482422
2024-11-07,16.020000457763672,47.85422897338867,237.75999450683594
2024-11-08,15.911999702453613,47.541446685791016,236.2100067138672
2024-11-11,16.09000015258789,48.0627326965332,238.97999572753906
2024-11-12,15.753999710083008,47.08650207519531,234.0800018310547
2024-11-13,15.763999938964844,47.09598159790039,234.11000061035156
2024-11-14,15.923999786376953,47.62675094604492,236.67999267578125
2024-11-15,15.800000190734863,47.20024108886719,234.83999633789062
2024-11-18,15.815999984741211,47.22867965698242,235.00999450683594
2024-11-19,15.723999977111816,47.03911590576172,233.8000030517578
2024-11-20,15.722000122070312,46.982242584228516,233.50999450683594
2024-11-21,15.791999816894531,47.204978942871094,234.9199981689453
2024-11-22,15.979999542236328,47.77840042114258,237.4199981689453
2024-11-25,15.986000061035156,47.768917083740234,237.60000610351562
2024-11-26,15.89799976348877,47.5035285949707,236.19000244140625
2024-11-27,15.869999885559082,47.43718719482422,235.75999450683594
2024-11-28,15.944000244140625,47.655181884765625,236.66000366210938
2024-11-29,16.038000106811523,47.920570373535156,238.2899932861328
2024-12-02,16.139999389648438,48.24281692504883,239.7899932861328
2024-12-03,16.20400047302246,48.42290496826172,240.49000549316406
2024-12-04,16.270000457763672,48.631412506103516,241.41000366210938
2024-12-05,16.333999633789062,48.80201721191406,242.57000732421875
2024-12-06,16.360000610351562,48.906280517578125,243.17999267578125
2024-12-09,16.38800048828125,48.96314239501953,243.5
2024-12-10,16.299999237060547,48.68828201293945,241.9199981689453
2024-12-11,16.34600067138672,48.81148910522461,242.72000122070312
2024-12-12,16.31399917602539,48.726192474365234,242.41000366210938
2024-12-13,16.238000869750977,48.498722076416016,241.1199951171875
2024-12-16,16.224000930786133,48.47971725463867,240.9499969482422
2024-12-17,16.15399932861328,48.289451599121094,240.10000610351562
2024-12-18,16.15999984741211,48.32750701904297,240.3699951171875
2024-12-19,15.930000305175781,47.67109298706055,236.99000549316406
2024-12-20,15.800000190734863,47.30007553100586,234.9499969482422
2024-12-23,15.819999694824219,47.33811950683594,235.4499969482422
2024-12-24,16.238000869750977,,235.1999969482422
2024-12-27,15.9399995803833,47.728172302246094,236.99000549316406
2024-12-30,15.86400032043457,47.533145904541016,235.80999755859375
2024-12-31,16.06399917602539,,238.4600067138672
2025-01-02,16.091999053955078,48.17529296875,239.22999572753906
2025-01-03,15.98799991607666,47.82330322265625,237.75999450683594
2025-01-06,16.166000366210938,48.37507629394531,240.2899932861328
2025-01-07,16.187999725341797,48.413124084472656,240.47999572753906
2025-01-08,16.163999557495117,48.35605239868164,240.27000427246094
2025-01-09,16.229999542236328,48.54631805419922,241.25
2025-01-10,16.091999053955078,48.10870361328125,239.22000122070312
2025-01-13,15.998000144958496,47.84233093261719,238.02999877929688
2025-01-14,15.994000434875488,47.81379318237305,237.6999969482422
2025-01-15,16.20199966430664,48.43215560913086,240.97000122070312
2025-01-16,16.3700008392334,48.92684555053711,243.2100067138672
2025-01-17,16.472000122070312,49.24078369140625,244.9499969482422
2025-01-20,16.493999481201172,49.250301361083984,244.92999267578125
2025-01-21,16.562000274658203,49.478614807128906,246.1300048828125
2025-01-22,16.621999740600586,49.668880462646484,247.0399932861328
2025-01-23,16.700000762939453,49.878177642822266,247.97000122070312
2025-01-24,16.676000595092773,49.868656158447266,247.92999267578125
2025-01-27,16.65999984741211,49.878177642822266,247.77000427246094
2025-01-28,16.72800064086914,50.03038787841797,248.61000061035156
2025-01-29,16.81599998474121,50.32530212402344,249.9199981689453
2025-01-30,16.947999954223633,50.753395080566406,252.07000732421875
2025-01-31,16.983999252319336,50.81047439575195,252.30999755859375
2025-02-03,16.84000015258789,50.401405334472656,250.42999267578125
2025-02-04,16.874000549316406,50.49654006958008,250.92999267578125
2025-02-05,16.947999954223633,50.73436737060547,252.02999877929688
2025-02-06,17.152000427246094,51.31467819213867,255.02000427246094
2025-02-07,17.077999114990234,51.11490249633789,254.0500030517578
2025-02-10,17.18199920654297,51.44786834716797,255.52999877929688
2025-02-11,17.224000930786133,51.56202697753906,255.9199981689453
2025-02-12,17.233999252319336,51.5810546875,256.260009765625
2025-02-13,17.43600082397461,52.189910888671875,259.2799987792969
2025-02-14,17.398000717163086,52.06623458862305,258.6700134277344
2025-02-17,17.489999771118164,52.35163116455078,260.0400085449219
2025-02-18,17.54400062561035,52.51335525512695,260.8999938964844
2025-02-19,17.381999969482422,52.0186653137207,258.42999267578125
2025-02-20,17.354000091552734,51.95207214355469,258.0799865722656
2025-02-21,17.447999954223633,52.23746871948242,259.6199951171875
2025-02-24,17.43400001525879,52.189910888671875,259.3599853515625
2025-02-25,17.445999145507812,52.23746871948242,259.239990234375
2025-02-26,17.631999969482422,52.77972412109375,262.239990234375
2025-02-27,17.56399917602539,52.56092071533203,261.1400146484375
2025-02-28,17.558000564575195,52.5799446105957,261.0400085449219
2025-03-03,17.742000579833984,53.1507453918457,263.9100036621094
2025-03-04,17.357999801635742,51.99012756347656,258.25
2025-03-05,17.510000228881836,52.4467658996582,260.4800109863281
2025-03-06,17.51799964904785,52.40871810913086,260.510009765625
2025-03-07,17.464000701904297,52.24698257446289,259.760009765625
2025-03-10,17.22599983215332,51.56202697753906,256.29998779296875
2025-03-11,16.92799949645996,50.66777801513672,251.8000030517578
2025-03-12,17.086000442504883,51.1529541015625,254.13999938964844
2025-03-13,17.04599952697754,51.02928161621094,253.55999755859375
2025-03-14,17.24799919128418,51.65715789794922,256.4800109863281
2025-03-17,17.38800048828125,52.07475280761719,258.5899963378906
2025-03-18,17.48200035095215,52.35139846801758,260.1300048828125
2025-03-19,17.52400016784668,52.4467887878418,260.54998779296875
2025-03-20,17.447999954223633,52.208309173583984,259.1700134277344
2025-03-21,17.351999282836914,51.883968353271484,257.9200134277344
2025-03-24,17.326000213623047,51.85535430908203,257.6300048828125
2025-03-25,17.445999145507812,52.21784210205078,259.3800048828125
2025-03-26,17.327999114990234,51.883968353271484,257.69000244140625
2025-03-27,17.27400016784668,51.64549255371094,256.8900146484375
2025-03-28,17.13599967956543,51.273460388183594,254.83999633789062
2025-03-31,16.881999969482422,50.50077819824219,251.1300048828125
2025-04-01,17.06399917602539,51.015899658203125,253.6999969482422
2025-04-02,16.98200035095215,50.79649353027344,252.61000061035156
2025-04-03,16.530000686645508,49.44192886352539,246.0
2025-04-04,15.97599983215332,46.84247970581055,233.52000427246094
2025-04-07,14.977999687194824,44.91554641723633,221.2100067138672
2025-04-08,15.418000221252441,46.217655181884766,229.38999938964844
2025-04-09,14.854000091552734,44.47197723388672,221.27999877929688
2025-04-10,15.434000015258789,46.193809509277344,229.50999450683594
2025-04-11,15.413999557495117,46.18904113769531,229.57000732421875
2025-04-14,15.84000015258789,47.43391036987305,235.9600067138672
2025-04-15,16.100000381469727,48.25905227661133,239.69000244140625
2025-04-16,16.07200050354004,48.135047912597656,239.24000549316406
2025-04-17,16.031999588012695,47.9919548034668,238.67999267578125
2025-04-22,16.124000549316406,48.31629180908203,240.0500030517578
2025-04-23,16.393999099731445,49.165287017822266,243.97999572753906
2025-04-24,16.472000122070312,49.36561584472656,245.24000549316406
2025-04-25,16.534000396728516,49.54685592651367,246.14999389648438
2025-04-28,16.618000030517578,49.766258239746094,247.38999938964844
2025-04-29,16.676000595092773,49.99519729614258,248.41000366210938
2025-04-30,16.775999069213867,50.25276184082031,249.52000427246094
2025-05-02,17.06599998474121,51.130367279052734,254.1199951171875
2025-05-05,17.131999969482422,51.32115936279297,255.0399932861328
2025-05-06,17.077999114990234,51.15898895263672,254.33999633789062
2025-05-07,16.992000579833984,50.9300422668457,253.14999389648438
2025-05-08,17.07200050354004,51.16852951049805,254.35000610351562
2025-05-09,17.15399932861328,51.41654968261719,255.4600067138672
2025-05-12,17.378000259399414,52.112918853759766,258.8399963378906
2025-05-13,17.395999908447266,52.16061019897461,259.04998779296875
2025-05-14,17.356000900268555,52.036598205566406,258.6199951171875
2025-05-15,17.45400047302246,52.3800048828125,260.30999755859375
2025-05-16,17.54599952697754,52.62803268432617,261.54998779296875
2025-05-19,17.5939998626709,52.78066635131836,262.2799987792969
2025-05-20,17.73200035095215,53.20038986206055,264.3299865722656
2025-05-21,17.722000122070312,53.1622314453125,264.2200012207031
2025-05-22,17.610000610351562,52.847434997558594,262.5299987792969
2025-05-23,17.45199966430664,52.360931396484375,260.04998779296875
2025-05-26,17.667999267578125,52.961910247802734,263.44000244140625
2025-05-27,17.68199920654297,53.076377868652344,263.7699890136719
2025-05-28,17.576000213623047,52.704345703125,262.05999755859375
2025-05-29,17.54400062561035,52.65665054321289,261.6099853515625
2025-05-30,17.591999053955078,52.78066635131836,262.04998779296875
2025-06-02,17.552000045776367,52.65665054321289,261.6400146484375
2025-06-03,17.58799934387207,52.75204086303711,262.1199951171875
2025-06-04,17.65399932861328,52.99052429199219,263.32000732421875
2025-06-05,17.695999145507812,53.066837310791016,263.8599853515625
2025-06-06,17.742000579833984,53.238548278808594,264.67999267578125
2025-06-09,17.73200035095215,53.17176818847656,264.3399963378906
2025-06-10,17.719999313354492,53.19084167480469,264.32000732421875
2025-06-11,17.67799949645996,53.05730438232422,263.6099853515625
2025-06-12,17.624000549316406,52.87605285644531,262.739990234375
2025-06-13,17.464000701904297,52.3800048828125,260.4100036621094
2025-06-16,17.52400016784668,52.60593795776367,261.3299865722656
2025-06-17,17.3799991607666,52.14296340942383,259.1700134277344
2025-06-18,17.31599998474121,51.940406799316406,258.1700134277344
2025-06-19,17.18400001525879,51.51601028442383,255.99000549316406
2025-06-20,17.214000701904297,51.631752014160156,256.6099853515625
2025-06-23,17.15399932861328,51.438846588134766,255.75999450683594
2025-06-24,17.3439998626709,52.0175666809082,258.5899963378906
2025-06-25,17.214000701904297,51.631752014160156,256.6700134277344
2025-06-26,17.239999771118164,51.66069030761719,257.1099853515625
2025-06-27,17.440000534057617,52.30692672729492,260.0899963378906
2025-06-30,17.357999801635742,52.02721405029297,258.82000732421875
2025-07-01,17.333999633789062,51.930763244628906,258.4700012207031
2025-07-02,17.3700008392334,52.036865234375,258.9800109863281
2025-07-03,17.450000762939453,52.35515594482422,260.20001220703125
2025-07-04,17.36400032043457,52.085086822509766,258.9200134277344
2025-07-07,17.450000762939453,52.33586883544922,260.2099914550781
2025-07-08,17.51799964904785,52.56735610961914,261.2200012207031
2025-07-09,17.652000427246094,52.97246170043945,263.2900085449219
2025-07-10,17.74799919128418,53.252174377441406,264.7099914550781
2025-07-11,17.558000564575195,52.6638069152832,261.8800048828125
2025-07-14,17.54199981689453,52.65415954589844,261.7900085449219
2025-07-15,17.48200035095215,52.43231964111328,260.8399963378906
2025-07-16,17.368000030517578,52.036865234375,259.0299987792969
2025-07-17,17.54800033569336,52.64452362060547,261.7900085449219
2025-07-18,17.54800033569336,52.64452362060547,261.7300109863281
2025-07-21,17.540000915527344,52.61558151245117,261.69000244140625
2025-07-22,17.469999313354492,52.39373779296875,260.4700012207031
2025-07-23,17.66200065612793,52.96281051635742,263.4100036621094
2025-07-24,17.697999954223633,53.06891632080078,263.92999267578125
2025-07-25,17.648000717163086,52.96281051635742,263.2900085449219
2025-07-28,17.624000549316406,52.87601089477539,262.8999938964844
2025-07-29,17.666000366210938,53.001399993896484,263.510009765625
2025-07-30,17.66200065612793,53.001399993896484,263.44000244140625
2025-07-31,17.530000686645508,52.60593795776367,261.3999938964844
2025-08-01,17.11199951171875,51.34238815307617,255.1199951171875
2025-08-04,17.356000900268555,52.05615234375,258.739990234375
2025-08-05,17.374000549316406,52.0947265625,259.07000732421875
2025-08-06,17.378000259399414,52.13331604003906,259.0199890136719
2025-08-07,17.538000106811523,52.6252326965332,261.510009765625
2025-08-08,17.56800079345703,52.731327056884766,262.1000061035156
2025-08-11,17.562000274658203,52.68309783935547,261.95001220703125
2025-08-12,17.59600067138672,52.78920364379883,262.4700012207031
2025-08-13,17.695999145507812,53.06891632080078,263.94000244140625
2025-08-14,17.81599998474121,53.45472717285156,265.6099853515625
2025-08-15,17.81399917602539,53.445091247558594,265.6400146484375
2025-08-18,17.81599998474121,53.45472717285156,265.7200012207031
2025-08-19,17.947999954223633,53.81161117553711,267.6400146484375
2025-08-20,17.983999252319336,53.93700408935547,268.1199951171875
2025-08-21,17.983999252319336,53.95629119873047,268.19000244140625
2025-08-22,18.059999465942383,54.168487548828125,269.2699890136719
2025-08-25,17.965999603271484,53.87913131713867,267.9200134277344
2025-08-26,17.826000213623047,53.47401809692383,265.8399963378906
2025-08-27,17.841999053955078,53.52225112915039,265.989990234375
2025-08-28,17.809999465942383,53.445091247558594,265.6600036621094
2025-08-29,17.695999145507812,53.08820724487305,263.9599914550781
2025-09-01,17.743999481201172,53.23288345336914,264.5899963378906
2025-09-02,17.469999313354492,52.364803314208984,260.5299987792969
2025-09-03,17.582000732421875,52.74097442626953,262.17999267578125
2025-09-04,17.695999145507812,53.04962158203125,263.8900146484375
2025-09-05,17.676000595092773,53.011043548583984,263.5899963378906
2025-09-08,17.763999938964844,53.252174377441406,264.95001220703125
2025-09-09,17.763999938964844,53.28112030029297,265.0400085449219
2025-09-10,17.770000457763672,53.26182556152344,264.8999938964844
2025-09-11,17.865999221801758,53.58012008666992,266.3299865722656
2025-09-12,17.850000381469727,53.52225112915039,266.1499938964844
2025-09-15,17.93000030517578,53.776485443115234,267.3299865722656
2025-09-16,17.719999313354492,53.15310287475586,264.25
2025-09-17,17.719999313354492,53.14336395263672,264.20001220703125
2025-09-18,17.847999572753906,53.56219482421875,266.2699890136719
2025-09-19,17.829999923706055,53.49401092529297,265.8699951171875
2025-09-22,17.808000564575195,53.377132415771484,265.57000732421875
2025-09-23,17.857999801635742,53.542720794677734,266.29998779296875
2025-09-24,17.81800079345703,53.42583084106445,265.82000732421875
2025-09-25,17.70400047302246,53.0751838684082,264.1099853515625
2025-09-26,17.851999282836914,53.52323913574219,266.2900085449219
2025-09-29,17.881999969482422,53.620643615722656,266.75
2025-09-30,17.961999893188477,53.844669342041016,268.010009765625
2025-10-01,18.176000595092773,54.497276306152344,271.1600036621094
2025-10-02,18.284000396728516,54.79922103881836,272.739990234375
2025-10-03,18.36400032043457,55.06221389770508,273.9599914550781
2025-10-06,18.368000030517578,55.042728424072266,273.8999938964844
2025-10-07,18.33799934387207,54.97454833984375,273.55999755859375
2025-10-08,18.479999542236328,55.40312576293945,275.55999755859375
2025-10-09,18.395999908447266,55.15961837768555,274.1600036621094
2025-10-10,18.15999984741211,54.42909240722656,270.8999938964844
2025-10-13,18.253999710083008,54.740779876708984,272.25
2025-10-14,18.187999725341797,54.536231994628906,271.1600036621094
2025-10-15,18.290000915527344,54.818702697753906,272.7900085449219
2025-10-16,18.422000885009766,55.257015228271484,274.760009765625
2025-10-17,18.25,54.682334899902344,272.1700134277344
2025-10-20,18.422000885009766,55.257015228271484,274.8299865722656
2025-10-21,18.459999084472656,55.40312576293945,275.42999267578125
2025-10-22,18.437999725341797,55.27650451660156,275.05999755859375
2025-10-23,18.496000289916992,55.471309661865234,275.80999755859375
2025-10-24,18.544200897216797,,276.0586853027344
2025-10-27,18.59000015258789,55.753780364990234,277.2200012207031
2025-10-28,18.552000045776367,55.63689422607422,276.6499938964844
2025-10-29,18.531999588012695,55.58819580078125,276.3399963378906
2025-10-30,18.527999877929688,55.52975082397461,276.239990234375
2025-10-31,18.43600082397461,55.295982360839844,274.8900146484375
2025-11-03,18.445999145507812,55.32520294189453,274.94000244140625
2025-11-04,18.395999908447266,55.16935729980469,274.19000244140625
2025-11-05,18.444000244140625,55.27650451660156,274.8299865722656
2025-11-06,18.29599952697754,54.86741256713867,272.9100036621094
2025-11-07,18.211999893188477,54.58493423461914,271.45001220703125
2025-11-10,18.47599983215332,55.38364791870117,275.260009765625
2025-11-11,18.70599937438965,56.10443115234375,278.8999938964844
2025-11-12,18.832000732421875,56.52326583862305,280.8999938964844
2025-11-13,18.72599983215332,56.14339065551758,279.3399963378906
2025-11-14,18.535999298095703,55.607669830322266,276.5
2025-11-17,18.43400001525879,55.305721282958984,274.9800109863281
2025-11-18,18.1200008392334,54.3414306640625,270.20001220703125
2025-11-19,18.107999801635742,54.292724609375,270.04998779296875
2025-11-20,18.18400001525879,54.48752975463867,271.1300048828125
2025-11-21,18.128000259399414,54.35116958618164,270.42999267578125
2025-11-24,18.173999786376953,54.419349670410156,270.8599853515625
2025-11-25,18.34000015258789,54.87714385986328,273.3999938964844
2025-11-26,18.535999298095703,55.52975082397461,276.3800048828125
2025-11-27,18.559999465942383,55.56870651245117,276.7200012207031
2025-11-28,18.61400032043457,55.753780364990234,277.3699951171875
2025-12-01,18.562000274658203,55.56870651245117,276.79998779296875
2025-12-02,18.577999114990234,55.63689422607422,276.9599914550781
2025-12-03,18.610000610351562,55.72455596923828,277.4599914550781
2025-12-04,18.691999435424805,55.95832824707031,278.6600036621094
2025-12-05,18.68600082397461,55.987545013427734,278.6199951171875
2025-12-08,18.68199920654297,55.89988327026367,278.57000732421875
2025-12-09,18.65999984741211,55.8414421081543,278.3299865722656
2025-12-10,18.663999557495117,55.870662689208984,278.3800048828125
2025-12-11,18.77199935913086,56.17261505126953,280.05999755859375
2025-12-12,18.673999786376953,55.85118103027344,278.3699951171875
2025-12-15,18.808000564575195,56.29487609863281,280.510009765625
2025-12-16,18.73200035095215,56.0603141784668,279.3599853515625
2025-12-17,18.724000930786133,55.99190139770508,279.29998779296875
2025-12-18,18.898000717163086,56.55875778198242,281.75
2025-12-19,18.97800064086914,56.78354263305664,282.8900146484375
2025-12-22,18.950000762939453,56.6760368347168,282.7099914550781
2025-12-23,19.006000518798828,56.89105224609375,283.6300048828125
2025-12-24,19.56599998474121,,285.0
2025-12-29,19.030000686645508,56.969242095947266,283.9200134277344
2025-12-30,19.15399932861328,57.272216796875,285.7699890136719
2025-12-31,19.13800048828125,,285.05999755859375
2026-01-02,19.257999420166016,57.692474365234375,287.3299865722656
2026-01-05,19.444000244140625,58.21046447753906,290.1000061035156
2026-01-06,19.554000854492188,58.53298568725586,291.6600036621094
2026-01-07,19.534000396728516,58.5134391784668,291.4700012207031
2026-01-08,19.506000518798828,58.39616012573242,290.9100036621094
2026-01-09,19.700000762939453,59.03143310546875,293.7799987792969
2026-01-12,19.736000061035156,59.12916564941406,294.45001220703125
2026-01-13,19.724000930786133,59.07052230834961,294.0899963378906
2026-01-14,19.742000579833984,59.148712158203125,294.5799865722656
2026-01-15,19.856000900268555,59.49078369140625,296.0799865722656
2026-01-16,19.857999801635742,59.500553131103516,296.1099853515625
2026-01-19,19.6200008392334,58.70890808105469,292.6099853515625
2026-01-20,19.483999252319336,58.27888107299805,290.5299987792969
2026-01-21,19.472000122070312,58.259334564208984,290.3399963378906
2026-01-22,19.673999786376953,58.91415023803711,293.29998779296875
2026-01-23,19.66200065612793,58.86528396606445,293.239990234375
2026-01-26,19.695999145507812,58.953243255615234,293.7099914550781
2026-01-27,19.804000854492188,59.305091857910156,295.3500061035156
2026-01-28,19.639999389648438,58.83596420288086,293.1199951171875
2026-01-29,19.615999221801758,58.718685150146484,292.57000732421875
2026-01-30,19.75200080871582,59.16826248168945,294.6000061035156
2026-02-02,19.95199966430664,59.793758392333984,297.760009765625
2026-02-03,19.961999893188477,59.77421188354492,297.7799987792969
2026-02-04,19.964000701904297,59.803531646728516,297.82000732421875
2026-02-05,19.775999069213867,59.24644470214844,294.8299865722656
2026-02-06,19.941999435424805,59.74489212036133,297.44000244140625
2026-02-09,20.079999923706055,60.15537643432617,299.54998779296875
2026-02-10,20.06999969482422,60.11627960205078,299.260009765625
2026-02-11,20.079999923706055,60.20424270629883,299.7900085449219
2026-02-12,19.97800064086914,59.93058776855469,298.1000061035156
2026-02-13,19.969999313354492,59.85240173339844,297.8999938964844
2026-02-16,19.992000579833984,59.940364837646484,298.19000244140625
2026-02-17,20.100000381469727,60.26288604736328,299.7099914550781
2026-02-18,20.329999923706055,60.956790924072266,303.2699890136719
2026-02-19,20.239999771118164,60.6538200378418,301.7799987792969
2026-02-20,20.399999618530273,61.20112991333008,304.32000732421875
2026-02-23,20.309999465942383,60.868831634521484,302.92999267578125
2026-02-24,20.354999542236328,61.015438079833984,303.7099914550781
2026-02-25,20.489999771118164,61.474788665771484,305.7300109863281
2026-02-26,20.485000610351562,61.4063720703125,305.5799865722656
2026-02-27,20.510000228881836,61.44546890258789,305.7300109863281
2026-03-02,20.165000915527344,60.44857406616211,300.989990234375
2026-03-03,19.562000274658203,58.6404914855957,291.5899963378906
2026-03-04,19.81599998474121,59.39304733276367,295.5799865722656
2026-03-05,19.57200050354004,58.58185577392578,291.7699890136719
2026-03-06,19.38800048828125,58.05409240722656,289.1000061035156
2026-03-09,19.261999130249023,57.65338134765625,287.44000244140625
2026-03-10,19.625999450683594,58.7870979309082,292.79998779296875
2026-03-11,19.520000457763672,58.454803466796875,291.1499938964844
2026-03-12,19.399999618530273,58.11273193359375,289.70001220703125
2026-03-13,19.305999755859375,57.79020690917969,288.1300048828125
2026-03-16,19.392000198364258,58.03817367553711,289.32000732421875
2026-03-17,19.511999130249023,58.430057525634766,291.30999755859375
2026-03-18,19.3799991607666,57.98918533325195,289.1600036621094
2026-03-19,18.90999984741211,56.54901123046875,282.0199890136719
2026-03-20,18.579999923706055,55.54970169067383,277.1300048828125
2026-03-23,18.709999084472656,55.98077392578125,279.19000244140625
2026-03-24,18.777999877929688,56.15712356567383,280.20001220703125
2026-03-25,19.077999114990234,57.10744857788086,284.510009765625
2026-03-26,18.836000442504883,56.40205001831055,281.1199951171875
2026-03-27,18.670000076293945,55.892601013183594,278.67999267578125
2026-03-30,18.86400032043457,56.47063064575195,281.70001220703125
2026-03-31,18.950000762939453,56.74494934082031,282.82000732421875
2026-04-01,19.426000595092773,58.155738830566406,289.8599853515625
2026-04-02,19.38800048828125,58.03817367553711,289.6199951171875
2026-04-07,19.18000030517578,57.45034408569336,286.3299865722656
2026-04-08,19.95400047302246,59.77226257324219,297.92999267578125
2026-04-09,19.93199920654297,59.71348190307617,297.4200134277344
2026-04-10,19.983999252319336,59.899627685546875,298.489990234375
2026-04-13,19.959999084472656,59.80165481567383,297.79998779296875
2026-04-14,20.18000030517578,60.34049606323242,301.04998779296875
2026-04-15,20.079999923706055,60.15435028076172,299.6499938964844
2026-04-16,20.06999969482422,60.12495803833008,299.45001220703125
2026-04-17,20.3799991607666,61.08507537841797,304.20001220703125
2026-04-20,20.2450008392334,60.56583023071289,301.8500061035156
2026-04-21,20.06999969482422,60.07597732543945,299.3999938964844
2026-04-22,19.993999481201172,59.919219970703125,298.45001220703125
2026-04-23,20.014999389648438,59.9486083984375,298.6499938964844
2026-04-24,19.91200065612793,59.62530517578125,297.29998779296875
2026-04-27,19.850000381469727,59.47834777832031,296.3999938964844
2026-04-28,19.781999588012695,59.25301742553711,295.45001220703125
2026-04-29,19.667999267578125,58.949302673339844,293.75
2026-04-30,19.965999603271484,59.81145095825195,298.1000061035156
2026-05-04,19.718000411987305,59.12565231323242,294.25
2026-05-05,19.922000885009766,59.73307418823242,297.6499938964844
2026-05-06,20.375,61.055686950683594,304.3500061035156
2026-05-07,20.139999389648438,60.33070373535156,300.8999938964844
2026-05-08,20.024999618530273,60.05637741088867,299.20001220703125
2026-05-11,20.059999465942383,60.13475799560547,299.54998779296875
2026-05-12,19.850000381469727,59.50774383544922,296.6000061035156
2026-05-13,20.024999618530273,60.0269889831543,299.1000061035156
2026-05-14,20.225000381469727,60.66379928588867,302.25
2026-05-15,19.857999801635742,59.576324462890625,296.5
2026-05-18,20.024999618530273,60.0269889831543,299.1499938964844
2026-05-19,20.030000686645508,60.06617736816406,299.6000061035156
2026-05-20,20.350000381469727,61.065486907958984,304.29998779296875
2026-05-21,20.350000381469727,61.065486907958984,303.95001220703125
2026-05-22,20.510000228881836,61.60432815551758,306.6499938964844
2026-05-25,20.864999771118164,62.642818450927734,311.8999938964844
2026-05-26,20.614999771118164,61.87864303588867,308.1499938964844
2026-05-27,20.625,61.8492546081543,308.3500061035156
2026-05-28,20.524999618530273,61.6141242980957,306.8500061035156
2026-05-29,20.55500030517578,61.63371658325195,307.1499938964844
2026-06-01,20.420000076293945,61.32020950317383,305.1499938964844
2026-06-02,20.549999237060547,61.682701110839844,307.20001220703125
2026-06-03,20.405000686645508,61.24182891845703,305.0
2026-06-04,20.530000686645508,61.6141242980957,306.8999938964844
2026-06-05,20.450000762939453,61.369197845458984,305.54998779296875
2026-06-08,20.420000076293945,61.28102111816406,305.3500061035156
2026-06-09,20.31999969482422,60.95771789550781,303.45001220703125
2026-06-10,20.30500030517578,60.89893341064453,303.1000061035156
2026-06-11,20.434999465942383,61.29082107543945,305.29998779296875
2026-06-12,20.815000534057617,62.43708419799805,311.0
2026-06-15,20.854999542236328,62.48938751220703,311.75
2026-06-16,20.915000915527344,62.65779495239258,312.6000061035156
2026-06-17,21.020000457763672,63.034236907958984,314.04998779296875
2026-06-18,20.940000534057617,62.76676559448242,312.8500061035156
2026-06-19,20.889999389648438,62.628074645996094,312.1000061035156
2026-06-22,21.014999389648438,63.034236907958984,314.0
2026-06-23,20.860000610351562,62.58845138549805,311.6499938964844
2026-06-24,20.895000457763672,62.70732498168945,311.8999938964844
2026-06-25,21.05500030517578,63.1927375793457,314.45001220703125
2026-06-26,20.920000076293945,62.73704528808594,312.3500061035156
2026-06-29,20.920000076293945,62.76676559448242,312.1499938964844
2026-06-30,21.110000610351562,63.341331481933594,315.25
2026-07-01,21.030000686645508,63.14320755004883,314.20001220703125
2026-07-02,21.315000534057617,64.05459594726562,318.6000061035156
2026-07-03,21.469999313354492,64.45084381103516,320.70001220703125
2026-07-06,21.399999618530273,64.25272369384766,319.70001220703125
2026-07-07,21.260000228881836,63.8465576171875,317.75
2026-07-08,20.905000686645508,62.85592269897461,312.5
2026-07-09,21.075000762939453,63.32151794433594,315.25
2026-07-10,21.104999542236328,63.390869140625,315.45001220703125
2026-07-13,21.09000015258789,63.390869140625,315.3500061035156
2026-07-14,21.1200008392334,63.371055603027344,315.54998779296875
2026-07-15,21.155000686645508,63.509742736816406,316.1499938964844
2026-07-16,21.184999465942383,63.59889602661133,316.5
2026-07-17,21.104999542236328,63.36114501953125,315.45001220703125
2026-07-20,21.030000686645508,63.14320755004883,314.3999938964844
2026-07-21,21.165000915527344,63.509742736816406,316.29998779296875
2026-07-22,21.28499984741211,63.8465576171875,318.04998779296875
2026-07-23,21.020000457763672,63.103580474853516,314.45001220703125
2026-07-24,21.209999084472656,63.62862014770508,317.1499938964844
2026-07-27,21.204999923706055,63.58899688720703,317.25
2026-07-28,21.295000076293945,63.88618087768555,318.3500061035156
2026-07-29,21.225000381469727,63.70786666870117,317.29998779296875
2026-07-30,21.395000457763672,64.20318603515625,319.95001220703125
2026-07-31,21.364999771118164,64.12393951416016,319.3999938964844
2026-08-03,21.454999923706055,64.4409408569336,320.8999938964844
2026-08-04,21.625,64.95606994628906,323.25
2026-08-05,21.6200008392334,64.93626403808594,323.29998779296875
2026-08-06,21.674999237060547,65.08485412597656,324.1499938964844
2026-08-07,21.7450008392334,65.30279541015625,325.20001220703125
2026-08-10,21.7450008392334,65.2829818725586,325.20001220703125
2026-08-11,21.75,65.33251190185547,325.1499938964844
2026-08-12,21.719999313354492,65.29289245605469,324.75
2026-08-13,21.709999084472656,65.31269836425781,324.8500061035156
2026-08-14,21.674999237060547,65.14429473876953,324.29998779296875
2026-08-17,21.639999389648438,65.01551055908203,323.3999938964844
2026-08-18,21.479999542236328,64.54991149902344,320.95001220703125
2026-08-19,21.459999084472656,64.50038146972656,320.6000061035156
2026-08-20,21.434999465942383,64.38150024414062,320.3999938964844
2026-08-21,21.56999969482422,64.8669204711914,322.29998779296875
2026-08-24,21.559999465942383,64.8173828125,322.25
2026-08-25,21.655000686645508,65.0650405883789,323.3999938964844
2026-08-26,21.6299991607666,65.01551055908203,323.5
2026-08-27,21.489999771118164,64.59944152832031,321.20001220703125
2026-08-28,21.594999313354492,64.89663696289062,322.8500061035156
2026-08-31,21.43000030517578,64.3616943359375,320.3999938964844
2026-09-01,21.344999313354492,64.17346954345703,319.1499938964844
2026-09-02,21.290000915527344,63.92580795288086,318.1499938964844
2026-09-03,21.405000686645508,64.37159729003906,320.1000061035156
2026-09-04,21.43000030517578,64.39141082763672,320.45001220703125
2026-09-07,21.424999237060547,64.3616943359375,320.45001220703125
2026-09-08,21.420000076293945,64.32206726074219,320.25
2026-09-09,21.114999771118164,63.41067886352539,315.6000061035156
2026-09-10,20.954999923706055,62.89554977416992,313.54998779296875
2026-09-11,21.075000762939453,63.2620849609375,315.29998779296875
2026-09-14,20.985000610351562,62.98470687866211,313.6499938964844
2026-09-15,20.899999618530273,62.7400016784668,312.6499938964844
2026-09-16,21.0,63.040000915527344,314.1499938964844
2026-09-17,21.190000534057617,63.59000015258789,317.1499938964844
2026-09-18,20.950000762939453,62.84000015258789,313.3999938964844
2026-09-21,21.174999237060547,63.5099983215332,316.6000061035156
2026-09-22,21.190000534057617,63.58000183105469,316.95001220703125
2026-09-23,21.100000381469727,63.36000061035156,315.8500061035156
2026-09-24,20.989999771118164,62.97999954223633,314.04998779296875
2026-09-25,21.06999969482422,63.22999954223633,315.1499938964844
2026-09-28,,,
